template_id,segment_id,lifecycle_stage,goal,theme,notification_window,total_sends,total_opens,total_engagements,ctr,engagement_rate,uninstall_rate,performance_status
TPL_0010,At-Risk Trialists,trial,trial_conversion,Loss Avoidance,early_morning,40,1,0,0.025,0.005,0.0002,BAD
TPL_0023,Dormant Users,inactive,reactivation,Epic Meaning,night,48,2,0,0.0417,0.005,0.0011,BAD
TPL_0025,Dormant Users,inactive,reactivation,Epic Meaning,early_morning,113,4,0,0.0354,0.005,0.0052,BAD
TPL_0025,Dormant Users,inactive,reactivation,Epic Meaning,afternoon,44,2,0,0.0455,0.005,0.0626,BAD
TPL_0025,Dormant Users,inactive,reactivation,Epic Meaning,night,48,0,0,0.005,0.005,0.0445,BAD
TPL_0045,Lost Customers,churned,win_back,Epic Meaning,afternoon,38,2,0,0.048,0.005,0.0405,BAD
TPL_0044,Lost Customers,churned,win_back,Epic Meaning,evening,58,3,0,0.048,0.005,0.0035,BAD
TPL_0044,Lost Customers,churned,win_back,Epic Meaning,afternoon,38,2,0,0.048,0.005,0.0281,BAD
TPL_0024,Dormant Users,inactive,reactivation,Epic Meaning,evening,123,6,1,0.048,0.125,0.0006,BAD
TPL_0025,Dormant Users,inactive,reactivation,Epic Meaning,evening,123,6,1,0.048,0.125,0.0079,BAD
TPL_0045,Lost Customers,churned,win_back,Epic Meaning,night,118,4,1,0.0339,0.195,0.0412,BAD
TPL_0024,Dormant Users,inactive,reactivation,Epic Meaning,early_morning,113,5,0,0.048,0.1,0.0123,BAD
TPL_0044,Lost Customers,churned,win_back,Epic Meaning,night,118,6,1,0.048,0.195,0.0069,BAD
TPL_0045,Lost Customers,churned,win_back,Epic Meaning,evening,58,3,1,0.048,0.1667,0.0017,BAD
TPL_0043,Lost Customers,churned,win_back,Epic Meaning,evening,58,3,1,0.048,0.195,0.0198,BAD
TPL_0022,Dormant Users,inactive,reactivation,Epic Meaning,early_morning,113,5,1,0.048,0.195,0.0036,BAD
TPL_0045,Lost Customers,churned,win_back,Epic Meaning,mid_morning,158,8,2,0.048,0.195,0.0073,BAD
TPL_0043,Lost Customers,churned,win_back,Epic Meaning,mid_morning,158,18,3,0.1139,0.1667,0.032,NEUTRAL
TPL_0044,Lost Customers,churned,win_back,Epic Meaning,mid_morning,158,19,3,0.1203,0.1579,0.0279,NEUTRAL
TPL_0022,Dormant Users,inactive,reactivation,Epic Meaning,night,48,7,1,0.1458,0.1429,0.0534,BAD
TPL_0024,Dormant Users,inactive,reactivation,Epic Meaning,night,48,5,1,0.1042,0.2,0.0116,NEUTRAL
TPL_0024,Dormant Users,inactive,reactivation,Epic Meaning,afternoon,44,5,1,0.1136,0.2,0.0103,NEUTRAL
TPL_0022,Dormant Users,inactive,reactivation,Epic Meaning,afternoon,44,5,1,0.1136,0.2,0.0253,NEUTRAL
TPL_0023,Dormant Users,inactive,reactivation,Epic Meaning,afternoon,44,4,1,0.0909,0.25,0.0188,NEUTRAL
TPL_0010,At-Risk Trialists,trial,trial_conversion,Loss Avoidance,evening,124,22,3,0.1774,0.1364,0.0047,NEUTRAL
TPL_0023,Dormant Users,inactive,reactivation,Epic Meaning,evening,123,14,3,0.1138,0.2143,0.0208,NEUTRAL
TPL_0022,Dormant Users,inactive,reactivation,Epic Meaning,evening,123,12,3,0.0976,0.25,0.0117,NEUTRAL
TPL_0009,At-Risk Trialists,trial,trial_conversion,Loss Avoidance,early_morning,40,3,1,0.075,0.3333,0.0075,NEUTRAL
TPL_0008,At-Risk Trialists,trial,trial_conversion,Loss Avoidance,early_morning,40,5,1,0.125,0.2,0.0002,NEUTRAL
TPL_0007,At-Risk Trialists,trial,trial_conversion,Loss Avoidance,early_morning,40,4,1,0.1,0.25,0.0082,NEUTRAL
TPL_0042,Lost Customers,churned,win_back,Epic Meaning,mid_morning,158,16,4,0.1013,0.25,0.0036,NEUTRAL
TPL_0043,Lost Customers,churned,win_back,Epic Meaning,night,118,11,3,0.0932,0.2727,0.0011,NEUTRAL
TPL_0041,Lost Customers,churned,win_back,Epic Meaning,night,118,9,3,0.0763,0.3333,0.0095,NEUTRAL
TPL_0042,Lost Customers,churned,win_back,Epic Meaning,afternoon,38,6,1,0.1579,0.1667,0.0031,NEUTRAL
TPL_0043,Lost Customers,churned,win_back,Epic Meaning,afternoon,38,4,1,0.1053,0.25,0.0064,NEUTRAL
TPL_0023,Dormant Users,inactive,reactivation,Epic Meaning,early_morning,113,11,3,0.0973,0.2727,0.0027,NEUTRAL
TPL_0040,High-Intent Trialists,trial,trial_conversion,Scarcity,mid_morning,68,14,2,0.2059,0.1429,0.0004,NEUTRAL
TPL_0009,At-Risk Trialists,trial,trial_conversion,Loss Avoidance,evening,124,24,4,0.1935,0.1667,0.0086,NEUTRAL
TPL_0021,Dormant Users,inactive,reactivation,Epic Meaning,evening,123,13,4,0.1057,0.3077,0.0311,NEUTRAL
TPL_0042,Lost Customers,churned,win_back,Epic Meaning,night,118,15,4,0.1271,0.2667,0.0474,NEUTRAL
TPL_0042,Lost Customers,churned,win_back,Epic Meaning,evening,58,6,2,0.1034,0.3333,0.0388,NEUTRAL
TPL_0021,Dormant Users,inactive,reactivation,Epic Meaning,early_morning,113,17,4,0.1504,0.2353,0.008,NEUTRAL
TPL_0009,At-Risk Trialists,trial,trial_conversion,Loss Avoidance,mid_morning,56,13,2,0.2321,0.1538,0.0154,NEUTRAL
TPL_0010,At-Risk Trialists,trial,trial_conversion,Loss Avoidance,mid_morning,56,11,2,0.1964,0.1818,0.0093,NEUTRAL
TPL_0008,At-Risk Trialists,trial,trial_conversion,Loss Avoidance,mid_morning,56,15,2,0.2679,0.1333,0.0025,NEUTRAL
TPL_0021,Dormant Users,inactive,reactivation,Epic Meaning,night,48,6,2,0.125,0.3333,0.0365,NEUTRAL
TPL_0010,At-Risk Trialists,trial,trial_conversion,Loss Avoidance,afternoon,137,31,6,0.2263,0.1935,0.0006,NEUTRAL
TPL_0040,High-Intent Trialists,trial,trial_conversion,Scarcity,early_morning,68,19,3,0.2794,0.1579,0.013,NEUTRAL
TPL_0039,High-Intent Trialists,trial,trial_conversion,Scarcity,early_morning,68,22,3,0.3235,0.1364,0.0114,NEUTRAL
TPL_0041,Lost Customers,churned,win_back,Epic Meaning,mid_morning,158,24,7,0.1519,0.2917,0.0769,BAD
TPL_0021,Dormant Users,inactive,reactivation,Epic Meaning,afternoon,44,6,2,0.1364,0.3333,0.0508,BAD
TPL_0006,At-Risk Trialists,trial,trial_conversion,Loss Avoidance,early_morning,40,5,2,0.125,0.4,0.0075,NEUTRAL
TPL_0041,Lost Customers,churned,win_back,Epic Meaning,evening,58,9,3,0.1552,0.3333,0.0079,NEUTRAL
TPL_0041,Lost Customers,churned,win_back,Epic Meaning,afternoon,38,8,2,0.2105,0.25,0.0392,NEUTRAL
TPL_0040,High-Intent Trialists,trial,trial_conversion,Scarcity,evening,203,51,11,0.2512,0.2157,0.0055,NEUTRAL
TPL_0008,At-Risk Trialists,trial,trial_conversion,Loss Avoidance,evening,124,29,7,0.2339,0.2414,0.0007,NEUTRAL
TPL_0039,High-Intent Trialists,trial,trial_conversion,Scarcity,mid_morning,68,23,4,0.3382,0.1739,0.0114,NEUTRAL
TPL_0039,High-Intent Trialists,trial,trial_conversion,Scarcity,evening,203,54,12,0.266,0.2222,0.0108,NEUTRAL
TPL_0040,High-Intent Trialists,trial,trial_conversion,Scarcity,night,84,24,5,0.2857,0.2083,0.0109,NEUTRAL
TPL_0009,At-Risk Trialists,trial,trial_conversion,Loss Avoidance,afternoon,137,36,9,0.2628,0.25,0.0014,NEUTRAL
TPL_0007,At-Risk Trialists,trial,trial_conversion,Loss Avoidance,evening,124,34,9,0.2742,0.2647,0.0066,NEUTRAL
TPL_0037,High-Intent Trialists,trial,trial_conversion,Scarcity,early_morning,68,25,5,0.3676,0.2,0.0006,NEUTRAL
TPL_0030,Flight-Risk Subscribers,paid,retention,Loss Avoidance,evening,425,104,32,0.2447,0.3077,0.0013,NEUTRAL
TPL_0030,Flight-Risk Subscribers,paid,retention,Loss Avoidance,early_morning,117,29,9,0.2479,0.3103,0.0147,NEUTRAL
TPL_0030,Flight-Risk Subscribers,paid,retention,Loss Avoidance,night,257,64,20,0.249,0.3125,0.0045,NEUTRAL
TPL_0035,Gamified Competitors,paid,streak_maintenance,Unpredictability,night,133,39,11,0.2932,0.2821,0.005,NEUTRAL
TPL_0038,High-Intent Trialists,trial,trial_conversion,Scarcity,early_morning,68,22,6,0.3235,0.2727,0.0099,NEUTRAL
TPL_0007,At-Risk Trialists,trial,trial_conversion,Loss Avoidance,mid_morning,56,20,5,0.3571,0.25,0.0027,NEUTRAL
TPL_0015,Community Builders,paid,social_engagement,Social Influence,evening,44,13,4,0.2955,0.3077,0.0082,NEUTRAL
TPL_0005,AI-Powered Learners,paid,feature_adoption,Empowerment,evening,108,20,10,0.1852,0.5,0.0034,GOOD
TPL_0038,High-Intent Trialists,trial,trial_conversion,Scarcity,evening,203,63,19,0.3103,0.3016,0.0016,NEUTRAL
TPL_0015,Community Builders,paid,social_engagement,Social Influence,early_morning,64,15,6,0.2344,0.4,0.0009,NEUTRAL
TPL_0029,Flight-Risk Subscribers,paid,retention,Loss Avoidance,evening,425,128,40,0.3012,0.3125,0.0049,NEUTRAL
TPL_0050,Slipping Subscribers,paid,re_engagement,Ownership,evening,199,69,19,0.3467,0.2754,0.0032,NEUTRAL
TPL_0020,Core Curriculum Users,paid,habit_formation,Accomplishment,evening,41,9,4,0.2195,0.4444,0.0037,GOOD
TPL_0030,Flight-Risk Subscribers,paid,retention,Loss Avoidance,afternoon,126,28,13,0.2222,0.4643,0.0024,GOOD
TPL_0006,At-Risk Trialists,trial,trial_conversion,Loss Avoidance,evening,124,43,13,0.3468,0.3023,0.0041,NEUTRAL
TPL_0050,Slipping Subscribers,paid,re_engagement,Ownership,afternoon,122,42,13,0.3443,0.3095,0.0004,NEUTRAL
TPL_0049,Slipping Subscribers,paid,re_engagement,Ownership,late_afternoon,111,42,12,0.3784,0.2857,0.0203,NEUTRAL
TPL_0005,AI-Powered Learners,paid,feature_adoption,Empowerment,early_morning,203,53,22,0.2611,0.4151,0.0062,GOOD
TPL_0014,Community Builders,paid,social_engagement,Social Influence,early_morning,64,19,7,0.2969,0.3684,0.0108,NEUTRAL
TPL_0008,At-Risk Trialists,trial,trial_conversion,Loss Avoidance,afternoon,137,49,15,0.3577,0.3061,0.0066,NEUTRAL
TPL_0050,Slipping Subscribers,paid,re_engagement,Ownership,late_afternoon,111,38,13,0.3423,0.3421,0.0114,NEUTRAL
TPL_0038,High-Intent Trialists,trial,trial_conversion,Scarcity,mid_morning,68,28,8,0.4118,0.2857,0.0001,NEUTRAL
TPL_0039,High-Intent Trialists,trial,trial_conversion,Scarcity,night,84,33,10,0.3929,0.303,0.0003,NEUTRAL
TPL_0029,Flight-Risk Subscribers,paid,retention,Loss Avoidance,early_morning,117,35,14,0.2991,0.4,0.0035,NEUTRAL
TPL_0006,At-Risk Trialists,trial,trial_conversion,Loss Avoidance,mid_morning,56,24,7,0.4286,0.2917,0.0065,NEUTRAL
TPL_0004,AI-Powered Learners,paid,feature_adoption,Empowerment,evening,108,23,14,0.213,0.6087,0.0023,GOOD
TPL_0014,Community Builders,paid,social_engagement,Social Influence,evening,44,15,6,0.3409,0.4,0.0074,NEUTRAL
TPL_0028,Flight-Risk Subscribers,paid,retention,Loss Avoidance,evening,425,152,59,0.3576,0.3882,0.0018,NEUTRAL
TPL_0029,Flight-Risk Subscribers,paid,retention,Loss Avoidance,night,257,82,36,0.3191,0.439,0.0038,GOOD
TPL_0029,Flight-Risk Subscribers,paid,retention,Loss Avoidance,afternoon,126,42,18,0.3333,0.4286,0.0018,GOOD
TPL_0005,AI-Powered Learners,paid,feature_adoption,Empowerment,late_afternoon,91,28,13,0.3077,0.4643,0.0057,GOOD
TPL_0037,High-Intent Trialists,trial,trial_conversion,Scarcity,evening,203,79,29,0.3892,0.3671,0.0155,NEUTRAL
TPL_0028,Flight-Risk Subscribers,paid,retention,Loss Avoidance,early_morning,117,40,17,0.3419,0.425,0.0001,GOOD
TPL_0015,Community Builders,paid,social_engagement,Social Influence,night,82,29,12,0.3537,0.4138,0.0001,GOOD
TPL_0036,High-Intent Trialists,trial,trial_conversion,Scarcity,early_morning,68,34,10,0.5,0.2941,0.0047,NEUTRAL
TPL_0004,AI-Powered Learners,paid,feature_adoption,Empowerment,early_morning,203,60,30,0.2956,0.5,0.0054,GOOD
TPL_0034,Gamified Competitors,paid,streak_maintenance,Unpredictability,night,133,43,20,0.3233,0.4651,0.0015,GOOD
TPL_0028,Flight-Risk Subscribers,paid,retention,Loss Avoidance,afternoon,126,36,19,0.2857,0.5278,0.0086,GOOD
TPL_0007,At-Risk Trialists,trial,trial_conversion,Loss Avoidance,afternoon,137,59,21,0.4307,0.3559,0.0018,NEUTRAL
TPL_0049,Slipping Subscribers,paid,re_engagement,Ownership,afternoon,122,50,19,0.4098,0.38,0.0075,NEUTRAL
TPL_0049,Slipping Subscribers,paid,re_engagement,Ownership,evening,199,82,31,0.4121,0.378,0.0207,NEUTRAL
TPL_0020,Core Curriculum Users,paid,habit_formation,Accomplishment,late_afternoon,31,11,5,0.3548,0.4545,0.0051,GOOD
TPL_0037,High-Intent Trialists,trial,trial_conversion,Scarcity,mid_morning,68,33,11,0.4853,0.3333,0.001,NEUTRAL
TPL_0028,Flight-Risk Subscribers,paid,retention,Loss Avoidance,night,257,94,42,0.3658,0.4468,0.0058,GOOD
TPL_0038,High-Intent Trialists,trial,trial_conversion,Scarcity,night,84,39,14,0.4643,0.359,0.0089,NEUTRAL
TPL_0019,Core Curriculum Users,paid,habit_formation,Accomplishment,evening,41,13,7,0.3171,0.5385,0.0049,GOOD
TPL_0013,Community Builders,paid,social_engagement,Social Influence,early_morning,64,21,11,0.3281,0.5238,0.0048,GOOD
TPL_0035,Gamified Competitors,paid,streak_maintenance,Unpredictability,evening,155,45,27,0.2903,0.6,0.003,GOOD
TPL_0035,Gamified Competitors,paid,streak_maintenance,Unpredictability,late_afternoon,101,38,18,0.3762,0.4737,0.0078,GOOD
TPL_0037,High-Intent Trialists,trial,trial_conversion,Scarcity,night,84,39,15,0.4643,0.3846,0.0021,NEUTRAL
TPL_0036,High-Intent Trialists,trial,trial_conversion,Scarcity,evening,203,95,37,0.468,0.3895,0.0033,NEUTRAL
TPL_0003,AI-Powered Learners,paid,feature_adoption,Empowerment,evening,108,26,20,0.2407,0.7692,0.0061,GOOD
TPL_0027,Flight-Risk Subscribers,paid,retention,Loss Avoidance,afternoon,126,40,24,0.3175,0.6,0.0015,GOOD
TPL_0019,Core Curriculum Users,paid,habit_formation,Accomplishment,late_afternoon,31,13,6,0.4194,0.4615,0.0071,GOOD
TPL_0027,Flight-Risk Subscribers,paid,retention,Loss Avoidance,early_morning,117,46,23,0.3932,0.5,0.0025,GOOD
TPL_0003,AI-Powered Learners,paid,feature_adoption,Empowerment,early_morning,203,77,41,0.3793,0.5325,0.0004,GOOD
TPL_0033,Gamified Competitors,paid,streak_maintenance,Unpredictability,night,133,51,27,0.3835,0.5294,0.0137,GOOD
TPL_0006,At-Risk Trialists,trial,trial_conversion,Loss Avoidance,afternoon,137,67,28,0.4891,0.4179,0.0014,GOOD
TPL_0034,Gamified Competitors,paid,streak_maintenance,Unpredictability,evening,155,46,33,0.2968,0.7174,0.002,GOOD
TPL_0048,Slipping Subscribers,paid,re_engagement,Ownership,late_afternoon,111,50,24,0.4505,0.48,0.0031,GOOD
TPL_0014,Community Builders,paid,social_engagement,Social Influence,night,82,33,18,0.4024,0.5455,0.0038,GOOD
TPL_0027,Flight-Risk Subscribers,paid,retention,Loss Avoidance,night,257,108,58,0.4202,0.537,0.0086,GOOD
TPL_0036,High-Intent Trialists,trial,trial_conversion,Scarcity,mid_morning,68,36,16,0.5294,0.4444,0.0016,GOOD
TPL_0034,Gamified Competitors,paid,streak_maintenance,Unpredictability,late_afternoon,101,41,24,0.4059,0.5854,0.0005,GOOD
TPL_0048,Slipping Subscribers,paid,re_engagement,Ownership,evening,199,105,48,0.5276,0.4571,0.0052,GOOD
TPL_0012,Community Builders,paid,social_engagement,Social Influence,early_morning,64,26,16,0.4062,0.6154,0.0007,GOOD
TPL_0013,Community Builders,paid,social_engagement,Social Influence,evening,44,21,11,0.4773,0.5238,0.0002,GOOD
TPL_0002,AI-Powered Learners,paid,feature_adoption,Empowerment,early_morning,203,93,51,0.4581,0.5484,0.0073,GOOD
TPL_0004,AI-Powered Learners,paid,feature_adoption,Empowerment,late_afternoon,91,40,23,0.4396,0.575,0.007,GOOD
TPL_0047,Slipping Subscribers,paid,re_engagement,Ownership,afternoon,122,66,31,0.541,0.4697,0.0003,GOOD
TPL_0048,Slipping Subscribers,paid,re_engagement,Ownership,afternoon,122,62,32,0.5082,0.5161,0.0004,GOOD
TPL_0026,Flight-Risk Subscribers,paid,retention,Loss Avoidance,evening,425,195,114,0.4588,0.5846,0.0005,GOOD
TPL_0018,Core Curriculum Users,paid,habit_formation,Accomplishment,evening,41,14,11,0.3415,0.7857,0.0006,GOOD
TPL_0002,AI-Powered Learners,paid,feature_adoption,Empowerment,evening,108,35,29,0.3241,0.8286,0.0062,GOOD
TPL_0047,Slipping Subscribers,paid,re_engagement,Ownership,late_afternoon,111,60,30,0.5405,0.5,0.0046,GOOD
TPL_0027,Flight-Risk Subscribers,paid,retention,Loss Avoidance,evening,425,202,115,0.4753,0.5693,0.0016,GOOD
TPL_0033,Gamified Competitors,paid,streak_maintenance,Unpredictability,evening,155,54,43,0.3484,0.7963,0.003,GOOD
TPL_0018,Core Curriculum Users,paid,habit_formation,Accomplishment,late_afternoon,31,15,9,0.4839,0.6,0.0015,GOOD
TPL_0017,Core Curriculum Users,paid,habit_formation,Accomplishment,evening,41,16,12,0.3902,0.75,0.0139,GOOD
TPL_0003,AI-Powered Learners,paid,feature_adoption,Empowerment,late_afternoon,91,45,27,0.4945,0.6,0.0044,GOOD
TPL_0033,Gamified Competitors,paid,streak_maintenance,Unpredictability,late_afternoon,101,52,30,0.5149,0.5769,0.0012,GOOD
TPL_0036,High-Intent Trialists,trial,trial_conversion,Scarcity,night,84,53,25,0.631,0.4717,0.0013,GOOD
TPL_0026,Flight-Risk Subscribers,paid,retention,Loss Avoidance,early_morning,117,55,35,0.4701,0.6364,0.0015,GOOD
TPL_0026,Flight-Risk Subscribers,paid,retention,Loss Avoidance,afternoon,126,52,39,0.4127,0.75,0.0069,GOOD
TPL_0001,AI-Powered Learners,paid,feature_adoption,Empowerment,evening,108,36,34,0.3333,0.9444,0.0016,GOOD
TPL_0012,Community Builders,paid,social_engagement,Social Influence,evening,44,23,14,0.5227,0.6087,0.0046,GOOD
TPL_0032,Gamified Competitors,paid,streak_maintenance,Unpredictability,night,133,68,44,0.5113,0.6471,0.0033,GOOD
TPL_0026,Flight-Risk Subscribers,paid,retention,Loss Avoidance,night,257,138,88,0.537,0.6377,0.0113,GOOD
TPL_0047,Slipping Subscribers,paid,re_engagement,Ownership,evening,199,114,71,0.5729,0.6228,0.0052,GOOD
TPL_0011,Community Builders,paid,social_engagement,Social Influence,early_morning,64,33,23,0.5156,0.697,0.0019,GOOD
TPL_0001,AI-Powered Learners,paid,feature_adoption,Empowerment,early_morning,203,106,74,0.5222,0.6981,0.0119,GOOD
TPL_0031,Gamified Competitors,paid,streak_maintenance,Unpredictability,night,133,74,50,0.5564,0.6757,0.0029,GOOD
TPL_0046,Slipping Subscribers,paid,re_engagement,Ownership,afternoon,122,79,46,0.6475,0.5823,0.0028,GOOD
TPL_0032,Gamified Competitors,paid,streak_maintenance,Unpredictability,evening,155,71,61,0.4581,0.8592,0.0051,GOOD
TPL_0046,Slipping Subscribers,paid,re_engagement,Ownership,late_afternoon,111,71,44,0.6396,0.6197,0.0078,GOOD
TPL_0013,Community Builders,paid,social_engagement,Social Influence,night,82,50,33,0.6098,0.66,0.0023,GOOD
TPL_0032,Gamified Competitors,paid,streak_maintenance,Unpredictability,late_afternoon,101,56,41,0.5545,0.7321,0.0023,GOOD
TPL_0046,Slipping Subscribers,paid,re_engagement,Ownership,evening,199,129,85,0.6482,0.6589,0.0035,GOOD
TPL_0002,AI-Powered Learners,paid,feature_adoption,Empowerment,late_afternoon,91,51,39,0.5604,0.7647,0.0032,GOOD
TPL_0017,Core Curriculum Users,paid,habit_formation,Accomplishment,late_afternoon,31,19,14,0.6129,0.7368,0.0107,GOOD
TPL_0011,Community Builders,paid,social_engagement,Social Influence,evening,44,29,20,0.65,0.6897,0.0006,GOOD
TPL_0031,Gamified Competitors,paid,streak_maintenance,Unpredictability,evening,155,75,71,0.4839,0.9467,0.0021,GOOD
TPL_0012,Community Builders,paid,social_engagement,Social Influence,night,82,52,40,0.6341,0.7692,0.0049,GOOD
TPL_0016,Core Curriculum Users,paid,habit_formation,Accomplishment,evening,41,21,20,0.5122,0.95,0.0029,GOOD
TPL_0011,Community Builders,paid,social_engagement,Social Influence,night,82,53,43,0.6463,0.8113,0.0034,GOOD
TPL_0001,AI-Powered Learners,paid,feature_adoption,Empowerment,late_afternoon,91,59,51,0.6484,0.8644,0.0035,GOOD
TPL_0031,Gamified Competitors,paid,streak_maintenance,Unpredictability,late_afternoon,101,66,58,0.65,0.8788,0.0048,GOOD
TPL_0016,Core Curriculum Users,paid,habit_formation,Accomplishment,late_afternoon,31,20,18,0.6452,0.9,0.0038,GOOD
